{"train": {"total_loss": 0.6282275319099418, "iou_score_class0": 0.6454384136433692, "iou_score_class1": 0.20233622861241646, "fscore_class0": 0.7804552903362353, "fscore_class1": 0.32799778108796296}, "epoch": 1, "lr": 1.0019646365422398e-05, "_runtime": 333, "_timestamp": 1646694254, "_step": 2, "valid": {"total_loss": 0.516359963960815, "iou_score_class0": 0.8194951080439383, "iou_score_class1": 0.34677926339862636, "fscore_class0": 0.8994255222772295, "fscore_class1": 0.5005786693409868}, "test": {"total_loss": 0.5081682057021051, "iou_score_class0": 0.8104968856832836, "iou_score_class1": 0.3098652063447503, "fscore_class0": 0.8938669578989126, "fscore_class1": 0.4591393216861692}, "_wandb": {"runtime": 334}}