{"train": {"total_loss": 0.6282298290846392, "iou_score_class0": 0.6454355567693707, "iou_score_class1": 0.20233585616830135, "fscore_class0": 0.7804536218736687, "fscore_class1": 0.3279968613338752}, "epoch": 1, "lr": 1.0019646365422398e-05, "_runtime": 510, "_timestamp": 1646691750, "_step": 2, "valid": {"total_loss": 0.5163308272236272, "iou_score_class0": 0.8195061861423022, "iou_score_class1": 0.34674363145441334, "fscore_class0": 0.8994322084543999, "fscore_class1": 0.5005383552950723}, "test": {"total_loss": 0.5081300036201263, "iou_score_class0": 0.8105187109728764, "iou_score_class1": 0.30993160613755266, "fscore_class0": 0.8938805034706714, "fscore_class1": 0.4592193149488066}, "_wandb": {"runtime": 511}}